<ImportExportXml xmlns:xsi="http://www.w3.org/2001/XMLSchema-instance" OrganizationVersion="9.2.25032.214" OrganizationSchemaType="Standard" CRMServerServiceabilityVersion="9.2.25035.00228">
  <Entities></Entities>
  <Roles></Roles>
  <Workflows></Workflows>
  <FieldSecurityProfiles></FieldSecurityProfiles>
  <Templates />
  <EntityMaps />
  <EntityRelationships />
  <OrganizationSettings />
  <optionsets />
  <CustomControls />
  <EntityDataProviders />
  <CanvasApps>
    <CanvasApp>
      <Name>cre25_sflcomponentlibrary_23e09</Name>
      <AppVersion>2025-02-28T10:16:37Z</AppVersion>
      <Status>Ready</Status>
      <CreatedByClientVersion>3.25021.9.0</CreatedByClientVersion>
      <MinClientVersion>3.25021.9.0</MinClientVersion>
      <Tags>{"primaryDeviceWidth":"640","primaryDeviceHeight":"1136","supportsPortrait":"true","supportsLandscape":"true","primaryFormFactor":"Phone","showStatusBar":"false","publisherVersion":"3.25021.9","minimumRequiredApiVersion":"2.2.0","hasComponent":"true","hasUnlockedComponent":"true","isUnifiedRootApp":"false","sienaVersion":"20250217T083346Z-3.25021.9.0","offlineLargeFilesSupport":"false","coauthoringEnabled":"true","multipleWritersEnabled":"true","acceptedCoauthoringTerms":"true"}</Tags>
      <IsCdsUpgraded>0</IsCdsUpgraded>
      <GalleryItemId xsi:nil="true"></GalleryItemId>
      <BackgroundColor>rgba(4, 30, 66, 1)</BackgroundColor>
      <DisplayName>Tegel Design System</DisplayName>
      <Description>New card, color, icon and banner component</Description>
      <CommitMessage>Enabling coauthoring for app.</CommitMessage>
      <Publisher></Publisher>
      <AuthorizationReferences>[]</AuthorizationReferences>
      <ConnectionReferences>{"5609bf59-3a64-45ed-924c-601f1f91e009":{"id":"/providers/microsoft.powerapps/apis/shared_office365users","displayName":"Office 365 Users","iconUri":"https://conn-afd-prod-endpoint-bmc9bqahasf3grgk.b01.azurefd.net/releases/v1.0.1732/1.0.1732.4070/office365users/icon.png","dataSources":["Office365Users"],"dependencies":[],"dependents":[],"parameterHints":{},"parameterHintsV2":{},"isOnPremiseConnection":false,"bypassConsent":false,"dataSets":{},"apiTier":"Standard"}}</ConnectionReferences>
      <DatabaseReferences>{}</DatabaseReferences>
      <AppComponents>[{"appComponentName":"33e89287881341faa401c702809037de","displayName":"tds-badge","description":"Tegel Design System Badge component. Documentation: https://tegel.scania.com/components/badge","appVersion":"2025-02-19T08:58:53Z","appComponentLibraryLogicalName":"cre25_sflcomponentlibrary_23e09","environmentName":"9daff3ab-b206-e728-98a7-ba239241184a","allowCustomization":true,"createdOn":"2024-12-17T11:04:45.499Z","lastModifiedOn":"2025-02-19T08:30:58.114Z","connectionReferences":{"5609bf59-3a64-45ed-924c-601f1f91e009":{"id":"/providers/microsoft.powerapps/apis/shared_office365users","dataSources":["Office365Users"],"dependencies":[],"dependents":[],"parameterHints":{},"parameterHintsV2":{},"isOnPremiseConnection":false,"bypassConsent":false,"dataSets":{}}},"databaseReferences":{}},{"appComponentName":"869fbe27082a4a758d61b0fe1e9fee29","displayName":"tds-banner","description":"Tegel Design System Banner component: https://tegel.scania.com/components/banner","appVersion":"2025-02-19T08:58:53Z","appComponentLibraryLogicalName":"cre25_sflcomponentlibrary_23e09","environmentName":"9daff3ab-b206-e728-98a7-ba239241184a","allowCustomization":true,"createdOn":"2024-12-17T11:04:45.499Z","lastModifiedOn":"2025-02-19T08:30:58.114Z","connectionReferences":{"5609bf59-3a64-45ed-924c-601f1f91e009":{"id":"/providers/microsoft.powerapps/apis/shared_office365users","dataSources":["Office365Users"],"dependencies":[],"dependents":[],"parameterHints":{},"parameterHintsV2":{},"isOnPremiseConnection":false,"bypassConsent":false,"dataSets":{}}},"databaseReferences":{}},{"appComponentName":"a259c943cb7544fa93d832ca6aa3b79e","displayName":"tds-block","description":"Tegel Design System Block component. Documentation: https://tegel.scania.com/components/block/","appVersion":"2025-02-19T08:58:53Z","appComponentLibraryLogicalName":"cre25_sflcomponentlibrary_23e09","environmentName":"9daff3ab-b206-e728-98a7-ba239241184a","allowCustomization":true,"createdOn":"2024-12-17T11:04:45.499Z","lastModifiedOn":"2025-02-19T08:30:58.114Z","connectionReferences":{"5609bf59-3a64-45ed-924c-601f1f91e009":{"id":"/providers/microsoft.powerapps/apis/shared_office365users","dataSources":["Office365Users"],"dependencies":[],"dependents":[],"parameterHints":{},"parameterHintsV2":{},"isOnPremiseConnection":false,"bypassConsent":false,"dataSets":{}}},"databaseReferences":{}},{"appComponentName":"c9cce8d42c9f4804ac7aa5abc681445f","displayName":"tds-breadcrumbs","description":"Tegel Design System Breadcrumbs component. Documentation: https://tegel.scania.com/components/breadcrumbs","appVersion":"2025-02-19T08:58:53Z","appComponentLibraryLogicalName":"cre25_sflcomponentlibrary_23e09","environmentName":"9daff3ab-b206-e728-98a7-ba239241184a","allowCustomization":true,"createdOn":"2024-12-17T11:04:45.499Z","lastModifiedOn":"2025-02-19T08:30:58.114Z","connectionReferences":{"5609bf59-3a64-45ed-924c-601f1f91e009":{"id":"/providers/microsoft.powerapps/apis/shared_office365users","dataSources":["Office365Users"],"dependencies":[],"dependents":[],"parameterHints":{},"parameterHintsV2":{},"isOnPremiseConnection":false,"bypassConsent":false,"dataSets":{}}},"databaseReferences":{}},{"appComponentName":"97987bf135e94d2b9452d04fb6d96616","displayName":"tds-card","description":"Tegel Design System Card component. Documentation: https://tegel.scania.com/components/card/","appVersion":"2025-02-19T08:58:53Z","appComponentLibraryLogicalName":"cre25_sflcomponentlibrary_23e09","environmentName":"9daff3ab-b206-e728-98a7-ba239241184a","allowCustomization":true,"createdOn":"2024-12-17T11:04:45.499Z","lastModifiedOn":"2025-02-19T08:30:58.114Z","connectionReferences":{"5609bf59-3a64-45ed-924c-601f1f91e009":{"id":"/providers/microsoft.powerapps/apis/shared_office365users","dataSources":["Office365Users"],"dependencies":[],"dependents":[],"parameterHints":{},"parameterHintsV2":{},"isOnPremiseConnection":false,"bypassConsent":false,"dataSets":{}}},"databaseReferences":{}},{"appComponentName":"83ba366e79774f3f984fb11e559fdb9c","displayName":"tds-icon","description":"Tegel Design System Icon component. Documentation: https://tds-storybook.tegel.scania.com/?path=/story/foundations-icons--gallery&amp;globals=backgrounds.value:!hex(F9FAFB)","appVersion":"2025-02-19T08:58:53Z","appComponentLibraryLogicalName":"cre25_sflcomponentlibrary_23e09","environmentName":"9daff3ab-b206-e728-98a7-ba239241184a","allowCustomization":true,"createdOn":"2024-12-17T11:04:45.499Z","lastModifiedOn":"2025-02-19T08:30:58.114Z","connectionReferences":{"5609bf59-3a64-45ed-924c-601f1f91e009":{"id":"/providers/microsoft.powerapps/apis/shared_office365users","dataSources":["Office365Users"],"dependencies":[],"dependents":[],"parameterHints":{},"parameterHintsV2":{},"isOnPremiseConnection":false,"bypassConsent":false,"dataSets":{}}},"databaseReferences":{}},{"appComponentName":"9ba9b726fc02419e9750163c8749dabc","displayName":"tds-colors","description":"https://tegel.scania.com/foundations/foundation-colors/specification","appVersion":"2025-02-19T08:58:53Z","appComponentLibraryLogicalName":"cre25_sflcomponentlibrary_23e09","environmentName":"9daff3ab-b206-e728-98a7-ba239241184a","allowCustomization":false,"createdOn":"2024-12-17T11:04:45.499Z","lastModifiedOn":"2025-02-19T08:30:58.114Z","connectionReferences":{"5609bf59-3a64-45ed-924c-601f1f91e009":{"id":"/providers/microsoft.powerapps/apis/shared_office365users","dataSources":["Office365Users"],"dependencies":[],"dependents":[],"parameterHints":{},"parameterHintsV2":{},"isOnPremiseConnection":false,"bypassConsent":false,"dataSets":{}}},"databaseReferences":{}},{"appComponentName":"94809d81a2d942ff89bd725dc9d500ca","displayName":"cmp_Modal","appVersion":"2025-02-19T08:58:53Z","appComponentLibraryLogicalName":"cre25_sflcomponentlibrary_23e09","environmentName":"9daff3ab-b206-e728-98a7-ba239241184a","allowCustomization":true,"createdOn":"2024-12-17T11:04:45.499Z","lastModifiedOn":"2025-02-19T08:30:58.114Z","connectionReferences":{"5609bf59-3a64-45ed-924c-601f1f91e009":{"id":"/providers/microsoft.powerapps/apis/shared_office365users","dataSources":["Office365Users"],"dependencies":[],"dependents":[],"parameterHints":{},"parameterHintsV2":{},"isOnPremiseConnection":false,"bypassConsent":false,"dataSets":{}}},"databaseReferences":{}},{"appComponentName":"7bfaa7cb23f443d0bba80fad5e3b91ad","displayName":"cmp_Feedback","appVersion":"2025-02-19T08:58:53Z","appComponentLibraryLogicalName":"cre25_sflcomponentlibrary_23e09","environmentName":"9daff3ab-b206-e728-98a7-ba239241184a","allowCustomization":true,"createdOn":"2024-12-17T11:04:45.499Z","lastModifiedOn":"2025-02-19T08:30:58.114Z","connectionReferences":{"5609bf59-3a64-45ed-924c-601f1f91e009":{"id":"/providers/microsoft.powerapps/apis/shared_office365users","dataSources":["Office365Users"],"dependencies":[],"dependents":[],"parameterHints":{},"parameterHintsV2":{},"isOnPremiseConnection":false,"bypassConsent":false,"dataSets":{}}},"databaseReferences":{}},{"appComponentName":"30f6cc0d0b6d413492e41251f4755bd5","displayName":"cmp_PrimaryButton","description":"Primary Button for Tegel Design System","appVersion":"2025-02-19T08:58:53Z","appComponentLibraryLogicalName":"cre25_sflcomponentlibrary_23e09","environmentName":"9daff3ab-b206-e728-98a7-ba239241184a","allowCustomization":true,"createdOn":"2024-12-17T11:04:45.499Z","lastModifiedOn":"2025-02-19T08:30:58.114Z","connectionReferences":{"5609bf59-3a64-45ed-924c-601f1f91e009":{"id":"/providers/microsoft.powerapps/apis/shared_office365users","dataSources":["Office365Users"],"dependencies":[],"dependents":[],"parameterHints":{},"parameterHintsV2":{},"isOnPremiseConnection":false,"bypassConsent":false,"dataSets":{}}},"databaseReferences":{}},{"appComponentName":"99045f6fc96e4d9ca0e6c0f4ce9f6c78","displayName":"cmp_SecondaryButton","description":"Secondary Button for Tegel Design System","appVersion":"2025-02-19T08:58:53Z","appComponentLibraryLogicalName":"cre25_sflcomponentlibrary_23e09","environmentName":"9daff3ab-b206-e728-98a7-ba239241184a","allowCustomization":true,"createdOn":"2024-12-17T11:04:45.499Z","lastModifiedOn":"2025-02-19T08:30:58.114Z","connectionReferences":{"5609bf59-3a64-45ed-924c-601f1f91e009":{"id":"/providers/microsoft.powerapps/apis/shared_office365users","dataSources":["Office365Users"],"dependencies":[],"dependents":[],"parameterHints":{},"parameterHintsV2":{},"isOnPremiseConnection":false,"bypassConsent":false,"dataSets":{}}},"databaseReferences":{}},{"appComponentName":"19dc0fc7a87144f29c3cd4ce96741440","displayName":"cmp_TextField","appVersion":"2025-02-19T08:58:53Z","appComponentLibraryLogicalName":"cre25_sflcomponentlibrary_23e09","environmentName":"9daff3ab-b206-e728-98a7-ba239241184a","allowCustomization":true,"createdOn":"2024-12-17T11:04:45.499Z","lastModifiedOn":"2025-02-19T08:30:58.114Z","connectionReferences":{"5609bf59-3a64-45ed-924c-601f1f91e009":{"id":"/providers/microsoft.powerapps/apis/shared_office365users","dataSources":["Office365Users"],"dependencies":[],"dependents":[],"parameterHints":{},"parameterHintsV2":{},"isOnPremiseConnection":false,"bypassConsent":false,"dataSets":{}}},"databaseReferences":{}},{"appComponentName":"fe8d18e19d8e498a8b8a0ad32473ff4f","displayName":"cmp_TextField_2","appVersion":"2025-02-19T08:58:53Z","appComponentLibraryLogicalName":"cre25_sflcomponentlibrary_23e09","environmentName":"9daff3ab-b206-e728-98a7-ba239241184a","allowCustomization":true,"createdOn":"2024-12-17T11:04:45.499Z","lastModifiedOn":"2025-02-19T08:30:58.114Z","connectionReferences":{"5609bf59-3a64-45ed-924c-601f1f91e009":{"id":"/providers/microsoft.powerapps/apis/shared_office365users","dataSources":["Office365Users"],"dependencies":[],"dependents":[],"parameterHints":{},"parameterHintsV2":{},"isOnPremiseConnection":false,"bypassConsent":false,"dataSets":{}}},"databaseReferences":{}},{"appComponentName":"896f0754791e4c13b97c076e17f32976","displayName":"cmp_TextArea","appVersion":"2025-02-19T08:58:53Z","appComponentLibraryLogicalName":"cre25_sflcomponentlibrary_23e09","environmentName":"9daff3ab-b206-e728-98a7-ba239241184a","allowCustomization":true,"createdOn":"2024-12-17T11:04:45.499Z","lastModifiedOn":"2025-02-19T08:30:58.114Z","connectionReferences":{"5609bf59-3a64-45ed-924c-601f1f91e009":{"id":"/providers/microsoft.powerapps/apis/shared_office365users","dataSources":["Office365Users"],"dependencies":[],"dependents":[],"parameterHints":{},"parameterHintsV2":{},"isOnPremiseConnection":false,"bypassConsent":false,"dataSets":{}}},"databaseReferences":{}},{"appComponentName":"d17b902cefd54febb2c8922db9ad75c1","displayName":"cmp_ListMenu","appVersion":"2025-02-19T08:58:53Z","appComponentLibraryLogicalName":"cre25_sflcomponentlibrary_23e09","environmentName":"9daff3ab-b206-e728-98a7-ba239241184a","allowCustomization":true,"createdOn":"2024-12-17T11:04:45.499Z","lastModifiedOn":"2025-02-19T08:30:58.114Z","connectionReferences":{"5609bf59-3a64-45ed-924c-601f1f91e009":{"id":"/providers/microsoft.powerapps/apis/shared_office365users","dataSources":["Office365Users"],"dependencies":[],"dependents":[],"parameterHints":{},"parameterHintsV2":{},"isOnPremiseConnection":false,"bypassConsent":false,"dataSets":{}}},"databaseReferences":{}},{"appComponentName":"8f14ba878dff47daadf48383c01746ae","displayName":"cmp_Chip","appVersion":"2025-02-19T08:58:53Z","appComponentLibraryLogicalName":"cre25_sflcomponentlibrary_23e09","environmentName":"9daff3ab-b206-e728-98a7-ba239241184a","allowCustomization":true,"createdOn":"2024-12-17T11:04:45.499Z","lastModifiedOn":"2025-02-19T08:30:58.114Z","connectionReferences":{"5609bf59-3a64-45ed-924c-601f1f91e009":{"id":"/providers/microsoft.powerapps/apis/shared_office365users","dataSources":["Office365Users"],"dependencies":[],"dependents":[],"parameterHints":{},"parameterHintsV2":{},"isOnPremiseConnection":false,"bypassConsent":false,"dataSets":{}}},"databaseReferences":{}},{"appComponentName":"d6475c5dad4e4f8ba9ec947e655bfc35","displayName":"cmp_Table","appVersion":"2025-02-19T08:58:53Z","appComponentLibraryLogicalName":"cre25_sflcomponentlibrary_23e09","environmentName":"9daff3ab-b206-e728-98a7-ba239241184a","allowCustomization":true,"createdOn":"2024-12-17T11:04:45.499Z","lastModifiedOn":"2025-02-19T08:30:58.114Z","connectionReferences":{"5609bf59-3a64-45ed-924c-601f1f91e009":{"id":"/providers/microsoft.powerapps/apis/shared_office365users","dataSources":["Office365Users"],"dependencies":[],"dependents":[],"parameterHints":{},"parameterHintsV2":{},"isOnPremiseConnection":false,"bypassConsent":false,"dataSets":{}}},"databaseReferences":{}},{"appComponentName":"d56e3e08713243fc8e008b292a73f208","displayName":"cmp_FunctionalHeader","appVersion":"2025-02-19T08:58:53Z","appComponentLibraryLogicalName":"cre25_sflcomponentlibrary_23e09","environmentName":"9daff3ab-b206-e728-98a7-ba239241184a","allowCustomization":true,"createdOn":"2024-12-17T11:04:45.499Z","lastModifiedOn":"2025-02-19T08:30:58.114Z","connectionReferences":{"5609bf59-3a64-45ed-924c-601f1f91e009":{"id":"/providers/microsoft.powerapps/apis/shared_office365users","dataSources":["Office365Users"],"dependencies":[],"dependents":[],"parameterHints":{},"parameterHintsV2":{},"isOnPremiseConnection":false,"bypassConsent":false,"dataSets":{}}},"databaseReferences":{}},{"appComponentName":"e1af4778d2474ad3bc388e3e022d04c9","displayName":"cmp_BottomBanner","appVersion":"2025-02-19T08:58:53Z","appComponentLibraryLogicalName":"cre25_sflcomponentlibrary_23e09","environmentName":"9daff3ab-b206-e728-98a7-ba239241184a","allowCustomization":false,"createdOn":"2024-12-17T11:04:45.499Z","lastModifiedOn":"2025-02-19T08:30:58.114Z","connectionReferences":{"5609bf59-3a64-45ed-924c-601f1f91e009":{"id":"/providers/microsoft.powerapps/apis/shared_office365users","dataSources":["Office365Users"],"dependencies":[],"dependents":[],"parameterHints":{},"parameterHintsV2":{},"isOnPremiseConnection":false,"bypassConsent":false,"dataSets":{}}},"databaseReferences":{}},{"appComponentName":"8993fdd34e1443c28ce5b3989aa9d827","displayName":"cmp_GridSystem","appVersion":"2025-02-19T08:58:53Z","appComponentLibraryLogicalName":"cre25_sflcomponentlibrary_23e09","environmentName":"9daff3ab-b206-e728-98a7-ba239241184a","allowCustomization":true,"createdOn":"2024-12-17T11:04:45.499Z","lastModifiedOn":"2025-02-19T08:30:58.114Z","connectionReferences":{"5609bf59-3a64-45ed-924c-601f1f91e009":{"id":"/providers/microsoft.powerapps/apis/shared_office365users","dataSources":["Office365Users"],"dependencies":[],"dependents":[],"parameterHints":{},"parameterHintsV2":{},"isOnPremiseConnection":false,"bypassConsent":false,"dataSets":{}}},"databaseReferences":{}},{"appComponentName":"ff239f45d3ac4c9a989fc15abacd4cd6","displayName":"cmp_GridSystem_MeasuresOnly","appVersion":"2025-02-19T08:58:53Z","appComponentLibraryLogicalName":"cre25_sflcomponentlibrary_23e09","environmentName":"9daff3ab-b206-e728-98a7-ba239241184a","allowCustomization":true,"createdOn":"2024-12-17T11:04:45.499Z","lastModifiedOn":"2025-02-19T08:30:58.114Z","connectionReferences":{"5609bf59-3a64-45ed-924c-601f1f91e009":{"id":"/providers/microsoft.powerapps/apis/shared_office365users","dataSources":["Office365Users"],"dependencies":[],"dependents":[],"parameterHints":{},"parameterHintsV2":{},"isOnPremiseConnection":false,"bypassConsent":false,"dataSets":{}}},"databaseReferences":{}}]</AppComponents>
      <AppComponentDependencies>[]</AppComponentDependencies>
      <CanConsumeAppPass>1</CanConsumeAppPass>
      <CanvasAppType>1</CanvasAppType>
      <BypassConsent>0</BypassConsent>
      <AdminControlBypassConsent>0</AdminControlBypassConsent>
      <EmbeddedApp xsi:nil="true"></EmbeddedApp>
      <IntroducedVersion>1.0</IntroducedVersion>
      <CdsDependencies>{"cdsdependencies":[]}</CdsDependencies>
      <IsCustomizable>0</IsCustomizable>
      <BackgroundImageUri>/CanvasApps/cre25_sflcomponentlibrary_23e09_BackgroundImageUri</BackgroundImageUri>
      <DocumentUri>/CanvasApps/cre25_sflcomponentlibrary_23e09_DocumentUri.msapp</DocumentUri>
      <AdditionalUris>
        <AdditionalUri>/CanvasApps/cre25_sflcomponentlibrary_23e09_AdditionalUris0_identity.json</AdditionalUri>
      </AdditionalUris>
    </CanvasApp>
  </CanvasApps>
  <Languages>
    <Language>1033</Language>
  </Languages>
</ImportExportXml>