<ImportExportXml xmlns:xsi="http://www.w3.org/2001/XMLSchema-instance" OrganizationVersion="9.2.25052.202" OrganizationSchemaType="Standard" CRMServerServiceabilityVersion="9.2.25052.00202">
  <Entities></Entities>
  <Roles></Roles>
  <Workflows></Workflows>
  <FieldSecurityProfiles></FieldSecurityProfiles>
  <Templates />
  <EntityMaps />
  <EntityRelationships />
  <OrganizationSettings />
  <optionsets />
  <CustomControls />
  <EntityDataProviders />
  <CanvasApps>
    <CanvasApp>
      <Name>cre25_sflcomponentlibrary_23e09</Name>
      <AppVersion>2025-06-11T09:26:51Z</AppVersion>
      <Status>Ready</Status>
      <CreatedByClientVersion>3.25054.3.0</CreatedByClientVersion>
      <MinClientVersion>3.25054.3.0</MinClientVersion>
      <Tags>{"primaryDeviceWidth":"100","primaryDeviceHeight":"1","supportsPortrait":"true","supportsLandscape":"true","primaryFormFactor":"Phone","showStatusBar":"false","publisherVersion":"3.25054.3","minimumRequiredApiVersion":"2.2.0","hasComponent":"true","hasUnlockedComponent":"true","isUnifiedRootApp":"false","sienaVersion":"20250610T065923Z-3.25054.3.0","offlineLargeFilesSupport":"false","coauthoringEnabled":"false","multipleWritersEnabled":"false","acceptedCoauthoringTerms":"false"}</Tags>
      <IsCdsUpgraded>0</IsCdsUpgraded>
      <GalleryItemId xsi:nil="true"></GalleryItemId>
      <BackgroundColor>rgba(4, 30, 66, 1)</BackgroundColor>
      <DisplayName>Tegel Design System</DisplayName>
      <Description>Added Icons and fixed bugs</Description>
      <CommitMessage xsi:nil="true"></CommitMessage>
      <Publisher xsi:nil="true"></Publisher>
      <AuthorizationReferences>[]</AuthorizationReferences>
      <ConnectionReferences>{"5609bf59-3a64-45ed-924c-601f1f91e009":{"id":"/providers/microsoft.powerapps/apis/shared_office365users","displayName":"Office 365-användare","iconUri":"https://conn-afd-prod-endpoint-bmc9bqahasf3grgk.b01.azurefd.net/v1.0.1751/1.0.1751.4213/office365users/icon.png","dataSources":["Office365Users"],"dependencies":[],"dependents":[],"parameterHints":{},"parameterHintsV2":{},"isOnPremiseConnection":false,"bypassConsent":false,"dataSets":{},"apiTier":"Standard"}}</ConnectionReferences>
      <DatabaseReferences>{}</DatabaseReferences>
      <AppComponents>[{"appComponentName":"4e77cd67c42c4836a558494d51c75422","displayName":"tds-accordion","description":"Tegel Design System Accordion component. Documentation: https://tegel.scania.com/components/accordion","appName":"a8c204ab-0004-460f-8a15-75c3b9177e53","appVersion":"2025-06-11T09:26:51Z","appComponentLibraryLogicalName":"cre25_sflcomponentlibrary_23e09","appDisplayName":"Tegel Design System","environmentName":"9daff3ab-b206-e728-98a7-ba239241184a","owner":{"id":"198f0012-64a1-4217-86d5-9369c5739cc8","displayName":"Jiménez Sánchez Juan Luis","email":"juan-luis.jimenez.sanchez@scania.com","type":"User","tenantId":"3bc062e4-ac9d-4c17-b4dd-3aad637ff1ac","userPrincipalName":"juan-luis.jimenez.sanchez@scania.com"},"allowCustomization":true,"createdOn":"2024-12-17T11:04:45.499Z","lastModifiedOn":"2025-06-11T09:24:56.623Z","connectionReferences":{"5609bf59-3a64-45ed-924c-601f1f91e009":{"id":"/providers/microsoft.powerapps/apis/shared_office365users","dataSources":["Office365Users"],"dependencies":[],"dependents":[],"parameterHints":{},"parameterHintsV2":{},"isOnPremiseConnection":false,"bypassConsent":false,"dataSets":{}}},"databaseReferences":{}},{"appComponentName":"33e89287881341faa401c702809037de","displayName":"tds-badge","description":"Tegel Design System Badge component. Documentation: https://tegel.scania.com/components/badge","appName":"a8c204ab-0004-460f-8a15-75c3b9177e53","appVersion":"2025-06-11T09:26:51Z","appComponentLibraryLogicalName":"cre25_sflcomponentlibrary_23e09","appDisplayName":"Tegel Design System","environmentName":"9daff3ab-b206-e728-98a7-ba239241184a","owner":{"id":"198f0012-64a1-4217-86d5-9369c5739cc8","displayName":"Jiménez Sánchez Juan Luis","email":"juan-luis.jimenez.sanchez@scania.com","type":"User","tenantId":"3bc062e4-ac9d-4c17-b4dd-3aad637ff1ac","userPrincipalName":"juan-luis.jimenez.sanchez@scania.com"},"allowCustomization":true,"createdOn":"2024-12-17T11:04:45.499Z","lastModifiedOn":"2025-06-11T09:24:56.623Z","connectionReferences":{"5609bf59-3a64-45ed-924c-601f1f91e009":{"id":"/providers/microsoft.powerapps/apis/shared_office365users","dataSources":["Office365Users"],"dependencies":[],"dependents":[],"parameterHints":{},"parameterHintsV2":{},"isOnPremiseConnection":false,"bypassConsent":false,"dataSets":{}}},"databaseReferences":{}},{"appComponentName":"869fbe27082a4a758d61b0fe1e9fee29","displayName":"tds-banner","description":"Tegel Design System Banner component: https://tegel.scania.com/components/banner","appName":"a8c204ab-0004-460f-8a15-75c3b9177e53","appVersion":"2025-06-11T09:26:51Z","appComponentLibraryLogicalName":"cre25_sflcomponentlibrary_23e09","appDisplayName":"Tegel Design System","environmentName":"9daff3ab-b206-e728-98a7-ba239241184a","owner":{"id":"198f0012-64a1-4217-86d5-9369c5739cc8","displayName":"Jiménez Sánchez Juan Luis","email":"juan-luis.jimenez.sanchez@scania.com","type":"User","tenantId":"3bc062e4-ac9d-4c17-b4dd-3aad637ff1ac","userPrincipalName":"juan-luis.jimenez.sanchez@scania.com"},"allowCustomization":true,"createdOn":"2024-12-17T11:04:45.499Z","lastModifiedOn":"2025-06-11T09:24:56.623Z","connectionReferences":{"5609bf59-3a64-45ed-924c-601f1f91e009":{"id":"/providers/microsoft.powerapps/apis/shared_office365users","dataSources":["Office365Users"],"dependencies":[],"dependents":[],"parameterHints":{},"parameterHintsV2":{},"isOnPremiseConnection":false,"bypassConsent":false,"dataSets":{}}},"databaseReferences":{}},{"appComponentName":"a259c943cb7544fa93d832ca6aa3b79e","displayName":"tds-block","description":"Tegel Design System Block component. Documentation: https://tegel.scania.com/components/block/","appName":"a8c204ab-0004-460f-8a15-75c3b9177e53","appVersion":"2025-06-11T09:26:51Z","appComponentLibraryLogicalName":"cre25_sflcomponentlibrary_23e09","appDisplayName":"Tegel Design System","environmentName":"9daff3ab-b206-e728-98a7-ba239241184a","owner":{"id":"198f0012-64a1-4217-86d5-9369c5739cc8","displayName":"Jiménez Sánchez Juan Luis","email":"juan-luis.jimenez.sanchez@scania.com","type":"User","tenantId":"3bc062e4-ac9d-4c17-b4dd-3aad637ff1ac","userPrincipalName":"juan-luis.jimenez.sanchez@scania.com"},"allowCustomization":true,"createdOn":"2024-12-17T11:04:45.499Z","lastModifiedOn":"2025-06-11T09:24:56.623Z","connectionReferences":{"5609bf59-3a64-45ed-924c-601f1f91e009":{"id":"/providers/microsoft.powerapps/apis/shared_office365users","dataSources":["Office365Users"],"dependencies":[],"dependents":[],"parameterHints":{},"parameterHintsV2":{},"isOnPremiseConnection":false,"bypassConsent":false,"dataSets":{}}},"databaseReferences":{}},{"appComponentName":"c9cce8d42c9f4804ac7aa5abc681445f","displayName":"tds-breadcrumbs","description":"Tegel Design System Breadcrumbs component. Documentation: https://tegel.scania.com/components/breadcrumbs","appName":"a8c204ab-0004-460f-8a15-75c3b9177e53","appVersion":"2025-06-11T09:26:51Z","appComponentLibraryLogicalName":"cre25_sflcomponentlibrary_23e09","appDisplayName":"Tegel Design System","environmentName":"9daff3ab-b206-e728-98a7-ba239241184a","owner":{"id":"198f0012-64a1-4217-86d5-9369c5739cc8","displayName":"Jiménez Sánchez Juan Luis","email":"juan-luis.jimenez.sanchez@scania.com","type":"User","tenantId":"3bc062e4-ac9d-4c17-b4dd-3aad637ff1ac","userPrincipalName":"juan-luis.jimenez.sanchez@scania.com"},"allowCustomization":true,"createdOn":"2024-12-17T11:04:45.499Z","lastModifiedOn":"2025-06-11T09:24:56.623Z","connectionReferences":{"5609bf59-3a64-45ed-924c-601f1f91e009":{"id":"/providers/microsoft.powerapps/apis/shared_office365users","dataSources":["Office365Users"],"dependencies":[],"dependents":[],"parameterHints":{},"parameterHintsV2":{},"isOnPremiseConnection":false,"bypassConsent":false,"dataSets":{}}},"databaseReferences":{}},{"appComponentName":"7aad03dea4d6445192d270d8fdf6d212","displayName":"tds-button","description":"Tegel Design System Button component. Documentation: https://tegel.scania.com/components/button","appName":"a8c204ab-0004-460f-8a15-75c3b9177e53","appVersion":"2025-06-11T09:26:51Z","appComponentLibraryLogicalName":"cre25_sflcomponentlibrary_23e09","appDisplayName":"Tegel Design System","environmentName":"9daff3ab-b206-e728-98a7-ba239241184a","owner":{"id":"198f0012-64a1-4217-86d5-9369c5739cc8","displayName":"Jiménez Sánchez Juan Luis","email":"juan-luis.jimenez.sanchez@scania.com","type":"User","tenantId":"3bc062e4-ac9d-4c17-b4dd-3aad637ff1ac","userPrincipalName":"juan-luis.jimenez.sanchez@scania.com"},"allowCustomization":true,"createdOn":"2024-12-17T11:04:45.499Z","lastModifiedOn":"2025-06-11T09:24:56.623Z","connectionReferences":{"5609bf59-3a64-45ed-924c-601f1f91e009":{"id":"/providers/microsoft.powerapps/apis/shared_office365users","dataSources":["Office365Users"],"dependencies":[],"dependents":[],"parameterHints":{},"parameterHintsV2":{},"isOnPremiseConnection":false,"bypassConsent":false,"dataSets":{}}},"databaseReferences":{}},{"appComponentName":"97987bf135e94d2b9452d04fb6d96616","displayName":"tds-card","description":"Tegel Design System Card component. Documentation: https://tegel.scania.com/components/card/","appName":"a8c204ab-0004-460f-8a15-75c3b9177e53","appVersion":"2025-06-11T09:26:51Z","appComponentLibraryLogicalName":"cre25_sflcomponentlibrary_23e09","appDisplayName":"Tegel Design System","environmentName":"9daff3ab-b206-e728-98a7-ba239241184a","owner":{"id":"198f0012-64a1-4217-86d5-9369c5739cc8","displayName":"Jiménez Sánchez Juan Luis","email":"juan-luis.jimenez.sanchez@scania.com","type":"User","tenantId":"3bc062e4-ac9d-4c17-b4dd-3aad637ff1ac","userPrincipalName":"juan-luis.jimenez.sanchez@scania.com"},"allowCustomization":true,"createdOn":"2024-12-17T11:04:45.499Z","lastModifiedOn":"2025-06-11T09:24:56.623Z","connectionReferences":{"5609bf59-3a64-45ed-924c-601f1f91e009":{"id":"/providers/microsoft.powerapps/apis/shared_office365users","dataSources":["Office365Users"],"dependencies":[],"dependents":[],"parameterHints":{},"parameterHintsV2":{},"isOnPremiseConnection":false,"bypassConsent":false,"dataSets":{}}},"databaseReferences":{}},{"appComponentName":"a3409b5f59ab49e8a2bda88359a38db9","displayName":"tds-checkbox","description":"Tegel Design System checkbox component. Documentation: https://tegel.scania.com/components/checkbox/","appName":"a8c204ab-0004-460f-8a15-75c3b9177e53","appVersion":"2025-06-11T09:26:51Z","appComponentLibraryLogicalName":"cre25_sflcomponentlibrary_23e09","appDisplayName":"Tegel Design System","environmentName":"9daff3ab-b206-e728-98a7-ba239241184a","owner":{"id":"198f0012-64a1-4217-86d5-9369c5739cc8","displayName":"Jiménez Sánchez Juan Luis","email":"juan-luis.jimenez.sanchez@scania.com","type":"User","tenantId":"3bc062e4-ac9d-4c17-b4dd-3aad637ff1ac","userPrincipalName":"juan-luis.jimenez.sanchez@scania.com"},"allowCustomization":true,"createdOn":"2024-12-17T11:04:45.499Z","lastModifiedOn":"2025-06-11T09:24:56.623Z","connectionReferences":{"5609bf59-3a64-45ed-924c-601f1f91e009":{"id":"/providers/microsoft.powerapps/apis/shared_office365users","dataSources":["Office365Users"],"dependencies":[],"dependents":[],"parameterHints":{},"parameterHintsV2":{},"isOnPremiseConnection":false,"bypassConsent":false,"dataSets":{}}},"databaseReferences":{}},{"appComponentName":"8f14ba878dff47daadf48383c01746ae","displayName":"tds-chip","description":"Tegel Design System Chip component. Documentation: https://tegel.scania.com/components/chip","appName":"a8c204ab-0004-460f-8a15-75c3b9177e53","appVersion":"2025-06-11T09:26:51Z","appComponentLibraryLogicalName":"cre25_sflcomponentlibrary_23e09","appDisplayName":"Tegel Design System","environmentName":"9daff3ab-b206-e728-98a7-ba239241184a","owner":{"id":"198f0012-64a1-4217-86d5-9369c5739cc8","displayName":"Jiménez Sánchez Juan Luis","email":"juan-luis.jimenez.sanchez@scania.com","type":"User","tenantId":"3bc062e4-ac9d-4c17-b4dd-3aad637ff1ac","userPrincipalName":"juan-luis.jimenez.sanchez@scania.com"},"allowCustomization":true,"createdOn":"2024-12-17T11:04:45.499Z","lastModifiedOn":"2025-06-11T09:24:56.623Z","connectionReferences":{"5609bf59-3a64-45ed-924c-601f1f91e009":{"id":"/providers/microsoft.powerapps/apis/shared_office365users","dataSources":["Office365Users"],"dependencies":[],"dependents":[],"parameterHints":{},"parameterHintsV2":{},"isOnPremiseConnection":false,"bypassConsent":false,"dataSets":{}}},"databaseReferences":{}},{"appComponentName":"e86159bfbc3e43f2817fc8097f80fff7","displayName":"tds-divider","appName":"a8c204ab-0004-460f-8a15-75c3b9177e53","appVersion":"2025-06-11T09:26:51Z","appComponentLibraryLogicalName":"cre25_sflcomponentlibrary_23e09","appDisplayName":"Tegel Design System","environmentName":"9daff3ab-b206-e728-98a7-ba239241184a","owner":{"id":"198f0012-64a1-4217-86d5-9369c5739cc8","displayName":"Jiménez Sánchez Juan Luis","email":"juan-luis.jimenez.sanchez@scania.com","type":"User","tenantId":"3bc062e4-ac9d-4c17-b4dd-3aad637ff1ac","userPrincipalName":"juan-luis.jimenez.sanchez@scania.com"},"allowCustomization":true,"createdOn":"2024-12-17T11:04:45.499Z","lastModifiedOn":"2025-06-11T09:24:56.623Z","connectionReferences":{"5609bf59-3a64-45ed-924c-601f1f91e009":{"id":"/providers/microsoft.powerapps/apis/shared_office365users","dataSources":["Office365Users"],"dependencies":[],"dependents":[],"parameterHints":{},"parameterHintsV2":{},"isOnPremiseConnection":false,"bypassConsent":false,"dataSets":{}}},"databaseReferences":{}},{"appComponentName":"dfd7c865c5954ed781aac2ecf2a1684b","displayName":"tds-dropdown","description":"Tegel Design System Dropdown component. Documentation: https://tegel.scania.com/components/dropdown/","appName":"a8c204ab-0004-460f-8a15-75c3b9177e53","appVersion":"2025-06-11T09:26:51Z","appComponentLibraryLogicalName":"cre25_sflcomponentlibrary_23e09","appDisplayName":"Tegel Design System","environmentName":"9daff3ab-b206-e728-98a7-ba239241184a","owner":{"id":"198f0012-64a1-4217-86d5-9369c5739cc8","displayName":"Jiménez Sánchez Juan Luis","email":"juan-luis.jimenez.sanchez@scania.com","type":"User","tenantId":"3bc062e4-ac9d-4c17-b4dd-3aad637ff1ac","userPrincipalName":"juan-luis.jimenez.sanchez@scania.com"},"allowCustomization":true,"createdOn":"2024-12-17T11:04:45.499Z","lastModifiedOn":"2025-06-11T09:24:56.623Z","connectionReferences":{"5609bf59-3a64-45ed-924c-601f1f91e009":{"id":"/providers/microsoft.powerapps/apis/shared_office365users","dataSources":["Office365Users"],"dependencies":[],"dependents":[],"parameterHints":{},"parameterHintsV2":{},"isOnPremiseConnection":false,"bypassConsent":false,"dataSets":{}}},"databaseReferences":{}},{"appComponentName":"e1af4778d2474ad3bc388e3e022d04c9","displayName":"tds-footer","description":"Tegel Design System Footer component. Documentation: https://tegel.scania.com/components/footer","appName":"a8c204ab-0004-460f-8a15-75c3b9177e53","appVersion":"2025-06-11T09:26:51Z","appComponentLibraryLogicalName":"cre25_sflcomponentlibrary_23e09","appDisplayName":"Tegel Design System","environmentName":"9daff3ab-b206-e728-98a7-ba239241184a","owner":{"id":"198f0012-64a1-4217-86d5-9369c5739cc8","displayName":"Jiménez Sánchez Juan Luis","email":"juan-luis.jimenez.sanchez@scania.com","type":"User","tenantId":"3bc062e4-ac9d-4c17-b4dd-3aad637ff1ac","userPrincipalName":"juan-luis.jimenez.sanchez@scania.com"},"allowCustomization":false,"createdOn":"2024-12-17T11:04:45.499Z","lastModifiedOn":"2025-06-11T09:24:56.623Z","connectionReferences":{"5609bf59-3a64-45ed-924c-601f1f91e009":{"id":"/providers/microsoft.powerapps/apis/shared_office365users","dataSources":["Office365Users"],"dependencies":[],"dependents":[],"parameterHints":{},"parameterHintsV2":{},"isOnPremiseConnection":false,"bypassConsent":false,"dataSets":{}}},"databaseReferences":{}},{"appComponentName":"96bfcc0d49fc4e53bbe6e420c23f9fcc","displayName":"tds-header-functional","description":"Tegel Design System Header component. Documentation: https://tegel.scania.com/components/header-functional/","appName":"a8c204ab-0004-460f-8a15-75c3b9177e53","appVersion":"2025-06-11T09:26:51Z","appComponentLibraryLogicalName":"cre25_sflcomponentlibrary_23e09","appDisplayName":"Tegel Design System","environmentName":"9daff3ab-b206-e728-98a7-ba239241184a","owner":{"id":"198f0012-64a1-4217-86d5-9369c5739cc8","displayName":"Jiménez Sánchez Juan Luis","email":"juan-luis.jimenez.sanchez@scania.com","type":"User","tenantId":"3bc062e4-ac9d-4c17-b4dd-3aad637ff1ac","userPrincipalName":"juan-luis.jimenez.sanchez@scania.com"},"allowCustomization":true,"createdOn":"2024-12-17T11:04:45.499Z","lastModifiedOn":"2025-06-11T09:24:56.623Z","connectionReferences":{"5609bf59-3a64-45ed-924c-601f1f91e009":{"id":"/providers/microsoft.powerapps/apis/shared_office365users","dataSources":["Office365Users"],"dependencies":[],"dependents":[],"parameterHints":{},"parameterHintsV2":{},"isOnPremiseConnection":false,"bypassConsent":false,"dataSets":{}}},"databaseReferences":{}},{"appComponentName":"83ba366e79774f3f984fb11e559fdb9c","displayName":"tds-icon","description":"Tegel Design System Icon component. Documentation: https://tds-storybook.tegel.scania.com/?path=/story/foundations-icons--gallery&amp;globals=backgrounds.value:!hex(F9FAFB)","appName":"a8c204ab-0004-460f-8a15-75c3b9177e53","appVersion":"2025-06-11T09:26:51Z","appComponentLibraryLogicalName":"cre25_sflcomponentlibrary_23e09","appDisplayName":"Tegel Design System","environmentName":"9daff3ab-b206-e728-98a7-ba239241184a","owner":{"id":"198f0012-64a1-4217-86d5-9369c5739cc8","displayName":"Jiménez Sánchez Juan Luis","email":"juan-luis.jimenez.sanchez@scania.com","type":"User","tenantId":"3bc062e4-ac9d-4c17-b4dd-3aad637ff1ac","userPrincipalName":"juan-luis.jimenez.sanchez@scania.com"},"allowCustomization":true,"createdOn":"2024-12-17T11:04:45.499Z","lastModifiedOn":"2025-06-11T09:24:56.623Z","connectionReferences":{"5609bf59-3a64-45ed-924c-601f1f91e009":{"id":"/providers/microsoft.powerapps/apis/shared_office365users","dataSources":["Office365Users"],"dependencies":[],"dependents":[],"parameterHints":{},"parameterHintsV2":{},"isOnPremiseConnection":false,"bypassConsent":false,"dataSets":{}}},"databaseReferences":{}},{"appComponentName":"e70e2debbb2f4f17acefff2499615638","displayName":"tds-message","description":"Tegel Design System Message component. Documentation: https://tegel.scania.com/components/message","appName":"a8c204ab-0004-460f-8a15-75c3b9177e53","appVersion":"2025-06-11T09:26:51Z","appComponentLibraryLogicalName":"cre25_sflcomponentlibrary_23e09","appDisplayName":"Tegel Design System","environmentName":"9daff3ab-b206-e728-98a7-ba239241184a","owner":{"id":"198f0012-64a1-4217-86d5-9369c5739cc8","displayName":"Jiménez Sánchez Juan Luis","email":"juan-luis.jimenez.sanchez@scania.com","type":"User","tenantId":"3bc062e4-ac9d-4c17-b4dd-3aad637ff1ac","userPrincipalName":"juan-luis.jimenez.sanchez@scania.com"},"allowCustomization":true,"createdOn":"2024-12-17T11:04:45.499Z","lastModifiedOn":"2025-06-11T09:24:56.623Z","connectionReferences":{"5609bf59-3a64-45ed-924c-601f1f91e009":{"id":"/providers/microsoft.powerapps/apis/shared_office365users","dataSources":["Office365Users"],"dependencies":[],"dependents":[],"parameterHints":{},"parameterHintsV2":{},"isOnPremiseConnection":false,"bypassConsent":false,"dataSets":{}}},"databaseReferences":{}},{"appComponentName":"94809d81a2d942ff89bd725dc9d500ca","displayName":"tds-modal","description":"Tegel Design System Modal component. Documentation: https://tegel.scania.com/components/breadcrumbs","appName":"a8c204ab-0004-460f-8a15-75c3b9177e53","appVersion":"2025-06-11T09:26:51Z","appComponentLibraryLogicalName":"cre25_sflcomponentlibrary_23e09","appDisplayName":"Tegel Design System","environmentName":"9daff3ab-b206-e728-98a7-ba239241184a","owner":{"id":"198f0012-64a1-4217-86d5-9369c5739cc8","displayName":"Jiménez Sánchez Juan Luis","email":"juan-luis.jimenez.sanchez@scania.com","type":"User","tenantId":"3bc062e4-ac9d-4c17-b4dd-3aad637ff1ac","userPrincipalName":"juan-luis.jimenez.sanchez@scania.com"},"allowCustomization":true,"createdOn":"2024-12-17T11:04:45.499Z","lastModifiedOn":"2025-06-11T09:24:56.623Z","connectionReferences":{"5609bf59-3a64-45ed-924c-601f1f91e009":{"id":"/providers/microsoft.powerapps/apis/shared_office365users","dataSources":["Office365Users"],"dependencies":[],"dependents":[],"parameterHints":{},"parameterHintsV2":{},"isOnPremiseConnection":false,"bypassConsent":false,"dataSets":{}}},"databaseReferences":{}},{"appComponentName":"8c8cd06c90ce48a79f251d89db57d84f","displayName":"tds-radio-button","description":"Tegel Design System Radio Button component. Documentation: https://tegel.scania.com/components/radio-button","appName":"a8c204ab-0004-460f-8a15-75c3b9177e53","appVersion":"2025-06-11T09:26:51Z","appComponentLibraryLogicalName":"cre25_sflcomponentlibrary_23e09","appDisplayName":"Tegel Design System","environmentName":"9daff3ab-b206-e728-98a7-ba239241184a","owner":{"id":"198f0012-64a1-4217-86d5-9369c5739cc8","displayName":"Jiménez Sánchez Juan Luis","email":"juan-luis.jimenez.sanchez@scania.com","type":"User","tenantId":"3bc062e4-ac9d-4c17-b4dd-3aad637ff1ac","userPrincipalName":"juan-luis.jimenez.sanchez@scania.com"},"allowCustomization":true,"createdOn":"2024-12-17T11:04:45.499Z","lastModifiedOn":"2025-06-11T09:24:56.623Z","connectionReferences":{"5609bf59-3a64-45ed-924c-601f1f91e009":{"id":"/providers/microsoft.powerapps/apis/shared_office365users","dataSources":["Office365Users"],"dependencies":[],"dependents":[],"parameterHints":{},"parameterHintsV2":{},"isOnPremiseConnection":false,"bypassConsent":false,"dataSets":{}}},"databaseReferences":{}},{"appComponentName":"e6ec70851f33417282fb4b74a24a0d65","displayName":"tds-stepper","description":"Tegel Design System Stepper component. Documentation: https://tegel.scania.com/components/stepper","appName":"a8c204ab-0004-460f-8a15-75c3b9177e53","appVersion":"2025-06-11T09:26:51Z","appComponentLibraryLogicalName":"cre25_sflcomponentlibrary_23e09","appDisplayName":"Tegel Design System","environmentName":"9daff3ab-b206-e728-98a7-ba239241184a","owner":{"id":"198f0012-64a1-4217-86d5-9369c5739cc8","displayName":"Jiménez Sánchez Juan Luis","email":"juan-luis.jimenez.sanchez@scania.com","type":"User","tenantId":"3bc062e4-ac9d-4c17-b4dd-3aad637ff1ac","userPrincipalName":"juan-luis.jimenez.sanchez@scania.com"},"allowCustomization":true,"createdOn":"2024-12-17T11:04:45.499Z","lastModifiedOn":"2025-06-11T09:24:56.623Z","connectionReferences":{"5609bf59-3a64-45ed-924c-601f1f91e009":{"id":"/providers/microsoft.powerapps/apis/shared_office365users","dataSources":["Office365Users"],"dependencies":[],"dependents":[],"parameterHints":{},"parameterHintsV2":{},"isOnPremiseConnection":false,"bypassConsent":false,"dataSets":{}}},"databaseReferences":{}},{"appComponentName":"f8e8865e68ed425c855be98c4b34575e","displayName":"tds-folder-tabs","description":"Tegel Design System Folder Tabs component. Documentation: https://tegel.scania.com/components/tabs","appName":"a8c204ab-0004-460f-8a15-75c3b9177e53","appVersion":"2025-06-11T09:26:51Z","appComponentLibraryLogicalName":"cre25_sflcomponentlibrary_23e09","appDisplayName":"Tegel Design System","environmentName":"9daff3ab-b206-e728-98a7-ba239241184a","owner":{"id":"198f0012-64a1-4217-86d5-9369c5739cc8","displayName":"Jiménez Sánchez Juan Luis","email":"juan-luis.jimenez.sanchez@scania.com","type":"User","tenantId":"3bc062e4-ac9d-4c17-b4dd-3aad637ff1ac","userPrincipalName":"juan-luis.jimenez.sanchez@scania.com"},"allowCustomization":true,"createdOn":"2024-12-17T11:04:45.499Z","lastModifiedOn":"2025-06-11T09:24:56.623Z","connectionReferences":{"5609bf59-3a64-45ed-924c-601f1f91e009":{"id":"/providers/microsoft.powerapps/apis/shared_office365users","dataSources":["Office365Users"],"dependencies":[],"dependents":[],"parameterHints":{},"parameterHintsV2":{},"isOnPremiseConnection":false,"bypassConsent":false,"dataSets":{}}},"databaseReferences":{}},{"appComponentName":"0128f28d1cc647d3a7c56ab819e4b30f","displayName":"tds-inline-tabs","description":"Tegel Design System Inline Tabs component. Documentation: https://tegel.scania.com/components/tabs","appName":"a8c204ab-0004-460f-8a15-75c3b9177e53","appVersion":"2025-06-11T09:26:51Z","appComponentLibraryLogicalName":"cre25_sflcomponentlibrary_23e09","appDisplayName":"Tegel Design System","environmentName":"9daff3ab-b206-e728-98a7-ba239241184a","owner":{"id":"198f0012-64a1-4217-86d5-9369c5739cc8","displayName":"Jiménez Sánchez Juan Luis","email":"juan-luis.jimenez.sanchez@scania.com","type":"User","tenantId":"3bc062e4-ac9d-4c17-b4dd-3aad637ff1ac","userPrincipalName":"juan-luis.jimenez.sanchez@scania.com"},"allowCustomization":true,"createdOn":"2024-12-17T11:04:45.499Z","lastModifiedOn":"2025-06-11T09:24:56.623Z","connectionReferences":{"5609bf59-3a64-45ed-924c-601f1f91e009":{"id":"/providers/microsoft.powerapps/apis/shared_office365users","dataSources":["Office365Users"],"dependencies":[],"dependents":[],"parameterHints":{},"parameterHintsV2":{},"isOnPremiseConnection":false,"bypassConsent":false,"dataSets":{}}},"databaseReferences":{}},{"appComponentName":"d3e61256a8fe444aa40cc6c52799cf9a","displayName":"tds-navigation-tabs","description":"Tegel Design System Navigation Tabs component. Documentation: https://tegel.scania.com/components/tabs","appName":"a8c204ab-0004-460f-8a15-75c3b9177e53","appVersion":"2025-06-11T09:26:51Z","appComponentLibraryLogicalName":"cre25_sflcomponentlibrary_23e09","appDisplayName":"Tegel Design System","environmentName":"9daff3ab-b206-e728-98a7-ba239241184a","owner":{"id":"198f0012-64a1-4217-86d5-9369c5739cc8","displayName":"Jiménez Sánchez Juan Luis","email":"juan-luis.jimenez.sanchez@scania.com","type":"User","tenantId":"3bc062e4-ac9d-4c17-b4dd-3aad637ff1ac","userPrincipalName":"juan-luis.jimenez.sanchez@scania.com"},"allowCustomization":true,"createdOn":"2024-12-17T11:04:45.499Z","lastModifiedOn":"2025-06-11T09:24:56.623Z","connectionReferences":{"5609bf59-3a64-45ed-924c-601f1f91e009":{"id":"/providers/microsoft.powerapps/apis/shared_office365users","dataSources":["Office365Users"],"dependencies":[],"dependents":[],"parameterHints":{},"parameterHintsV2":{},"isOnPremiseConnection":false,"bypassConsent":false,"dataSets":{}}},"databaseReferences":{}},{"appComponentName":"872fed85b6904cf18cc08b3e080d19e6","displayName":"tds-text-field","description":"Tegel Design System Text field component. Documentation: https://tegel.scania.com/components/text-field","appName":"a8c204ab-0004-460f-8a15-75c3b9177e53","appVersion":"2025-06-11T09:26:51Z","appComponentLibraryLogicalName":"cre25_sflcomponentlibrary_23e09","appDisplayName":"Tegel Design System","environmentName":"9daff3ab-b206-e728-98a7-ba239241184a","owner":{"id":"198f0012-64a1-4217-86d5-9369c5739cc8","displayName":"Jiménez Sánchez Juan Luis","email":"juan-luis.jimenez.sanchez@scania.com","type":"User","tenantId":"3bc062e4-ac9d-4c17-b4dd-3aad637ff1ac","userPrincipalName":"juan-luis.jimenez.sanchez@scania.com"},"allowCustomization":true,"createdOn":"2024-12-17T11:04:45.499Z","lastModifiedOn":"2025-06-11T09:24:56.623Z","connectionReferences":{"5609bf59-3a64-45ed-924c-601f1f91e009":{"id":"/providers/microsoft.powerapps/apis/shared_office365users","dataSources":["Office365Users"],"dependencies":[],"dependents":[],"parameterHints":{},"parameterHintsV2":{},"isOnPremiseConnection":false,"bypassConsent":false,"dataSets":{}}},"databaseReferences":{}},{"appComponentName":"d14656dbb044408f99b888279424a14d","displayName":"tds-textarea","description":"Tegel Design System Textarea component. Documentation: https://tegel.scania.com/components/text-field","appName":"a8c204ab-0004-460f-8a15-75c3b9177e53","appVersion":"2025-06-11T09:26:51Z","appComponentLibraryLogicalName":"cre25_sflcomponentlibrary_23e09","appDisplayName":"Tegel Design System","environmentName":"9daff3ab-b206-e728-98a7-ba239241184a","owner":{"id":"198f0012-64a1-4217-86d5-9369c5739cc8","displayName":"Jiménez Sánchez Juan Luis","email":"juan-luis.jimenez.sanchez@scania.com","type":"User","tenantId":"3bc062e4-ac9d-4c17-b4dd-3aad637ff1ac","userPrincipalName":"juan-luis.jimenez.sanchez@scania.com"},"allowCustomization":true,"createdOn":"2024-12-17T11:04:45.499Z","lastModifiedOn":"2025-06-11T09:24:56.623Z","connectionReferences":{"5609bf59-3a64-45ed-924c-601f1f91e009":{"id":"/providers/microsoft.powerapps/apis/shared_office365users","dataSources":["Office365Users"],"dependencies":[],"dependents":[],"parameterHints":{},"parameterHintsV2":{},"isOnPremiseConnection":false,"bypassConsent":false,"dataSets":{}}},"databaseReferences":{}},{"appComponentName":"a34578cae5b14174ba08296799520ca1","displayName":"tds-toast","description":"Tegel Design System Toast component. Documentation: https://tegel.scania.com/components/toast","appName":"a8c204ab-0004-460f-8a15-75c3b9177e53","appVersion":"2025-06-11T09:26:51Z","appComponentLibraryLogicalName":"cre25_sflcomponentlibrary_23e09","appDisplayName":"Tegel Design System","environmentName":"9daff3ab-b206-e728-98a7-ba239241184a","owner":{"id":"198f0012-64a1-4217-86d5-9369c5739cc8","displayName":"Jiménez Sánchez Juan Luis","email":"juan-luis.jimenez.sanchez@scania.com","type":"User","tenantId":"3bc062e4-ac9d-4c17-b4dd-3aad637ff1ac","userPrincipalName":"juan-luis.jimenez.sanchez@scania.com"},"allowCustomization":true,"createdOn":"2024-12-17T11:04:45.499Z","lastModifiedOn":"2025-06-11T09:24:56.623Z","connectionReferences":{"5609bf59-3a64-45ed-924c-601f1f91e009":{"id":"/providers/microsoft.powerapps/apis/shared_office365users","dataSources":["Office365Users"],"dependencies":[],"dependents":[],"parameterHints":{},"parameterHintsV2":{},"isOnPremiseConnection":false,"bypassConsent":false,"dataSets":{}}},"databaseReferences":{}},{"appComponentName":"fdad5dac80e34bdd8d5c8cb288aef992","displayName":"tds-toggle","description":"Tegel Design System Toggle component. Documentation: https://tegel.scania.com/components/toggle","appName":"a8c204ab-0004-460f-8a15-75c3b9177e53","appVersion":"2025-06-11T09:26:51Z","appComponentLibraryLogicalName":"cre25_sflcomponentlibrary_23e09","appDisplayName":"Tegel Design System","environmentName":"9daff3ab-b206-e728-98a7-ba239241184a","owner":{"id":"198f0012-64a1-4217-86d5-9369c5739cc8","displayName":"Jiménez Sánchez Juan Luis","email":"juan-luis.jimenez.sanchez@scania.com","type":"User","tenantId":"3bc062e4-ac9d-4c17-b4dd-3aad637ff1ac","userPrincipalName":"juan-luis.jimenez.sanchez@scania.com"},"allowCustomization":true,"createdOn":"2024-12-17T11:04:45.499Z","lastModifiedOn":"2025-06-11T09:24:56.623Z","connectionReferences":{"5609bf59-3a64-45ed-924c-601f1f91e009":{"id":"/providers/microsoft.powerapps/apis/shared_office365users","dataSources":["Office365Users"],"dependencies":[],"dependents":[],"parameterHints":{},"parameterHintsV2":{},"isOnPremiseConnection":false,"bypassConsent":false,"dataSets":{}}},"databaseReferences":{}},{"appComponentName":"d0a2d4fc214a48e8bf18c44ead607d10","displayName":"tds-tooltip","description":"Tegel Design System Tooltip component. Documentation: https://tegel.scania.com/components/tooltip","appName":"a8c204ab-0004-460f-8a15-75c3b9177e53","appVersion":"2025-06-11T09:26:51Z","appComponentLibraryLogicalName":"cre25_sflcomponentlibrary_23e09","appDisplayName":"Tegel Design System","environmentName":"9daff3ab-b206-e728-98a7-ba239241184a","owner":{"id":"198f0012-64a1-4217-86d5-9369c5739cc8","displayName":"Jiménez Sánchez Juan Luis","email":"juan-luis.jimenez.sanchez@scania.com","type":"User","tenantId":"3bc062e4-ac9d-4c17-b4dd-3aad637ff1ac","userPrincipalName":"juan-luis.jimenez.sanchez@scania.com"},"allowCustomization":true,"createdOn":"2024-12-17T11:04:45.499Z","lastModifiedOn":"2025-06-11T09:24:56.623Z","connectionReferences":{"5609bf59-3a64-45ed-924c-601f1f91e009":{"id":"/providers/microsoft.powerapps/apis/shared_office365users","dataSources":["Office365Users"],"dependencies":[],"dependents":[],"parameterHints":{},"parameterHintsV2":{},"isOnPremiseConnection":false,"bypassConsent":false,"dataSets":{}}},"databaseReferences":{}},{"appComponentName":"9ba9b726fc02419e9750163c8749dabc","displayName":"tds-colors","description":"https://tegel.scania.com/foundations/foundation-colors/specification","appName":"a8c204ab-0004-460f-8a15-75c3b9177e53","appVersion":"2025-06-11T09:26:51Z","appComponentLibraryLogicalName":"cre25_sflcomponentlibrary_23e09","appDisplayName":"Tegel Design System","environmentName":"9daff3ab-b206-e728-98a7-ba239241184a","owner":{"id":"198f0012-64a1-4217-86d5-9369c5739cc8","displayName":"Jiménez Sánchez Juan Luis","email":"juan-luis.jimenez.sanchez@scania.com","type":"User","tenantId":"3bc062e4-ac9d-4c17-b4dd-3aad637ff1ac","userPrincipalName":"juan-luis.jimenez.sanchez@scania.com"},"allowCustomization":false,"createdOn":"2024-12-17T11:04:45.499Z","lastModifiedOn":"2025-06-11T09:24:56.623Z","connectionReferences":{"5609bf59-3a64-45ed-924c-601f1f91e009":{"id":"/providers/microsoft.powerapps/apis/shared_office365users","dataSources":["Office365Users"],"dependencies":[],"dependents":[],"parameterHints":{},"parameterHintsV2":{},"isOnPremiseConnection":false,"bypassConsent":false,"dataSets":{}}},"databaseReferences":{}},{"appComponentName":"8993fdd34e1443c28ce5b3989aa9d827","displayName":"tds-grid-system","appName":"a8c204ab-0004-460f-8a15-75c3b9177e53","appVersion":"2025-06-11T09:26:51Z","appComponentLibraryLogicalName":"cre25_sflcomponentlibrary_23e09","appDisplayName":"Tegel Design System","environmentName":"9daff3ab-b206-e728-98a7-ba239241184a","owner":{"id":"198f0012-64a1-4217-86d5-9369c5739cc8","displayName":"Jiménez Sánchez Juan Luis","email":"juan-luis.jimenez.sanchez@scania.com","type":"User","tenantId":"3bc062e4-ac9d-4c17-b4dd-3aad637ff1ac","userPrincipalName":"juan-luis.jimenez.sanchez@scania.com"},"allowCustomization":true,"createdOn":"2024-12-17T11:04:45.499Z","lastModifiedOn":"2025-06-11T09:24:56.623Z","connectionReferences":{"5609bf59-3a64-45ed-924c-601f1f91e009":{"id":"/providers/microsoft.powerapps/apis/shared_office365users","dataSources":["Office365Users"],"dependencies":[],"dependents":[],"parameterHints":{},"parameterHintsV2":{},"isOnPremiseConnection":false,"bypassConsent":false,"dataSets":{}}},"databaseReferences":{}},{"appComponentName":"ff239f45d3ac4c9a989fc15abacd4cd6","displayName":"tds-grid-system-measurements","appName":"a8c204ab-0004-460f-8a15-75c3b9177e53","appVersion":"2025-06-11T09:26:51Z","appComponentLibraryLogicalName":"cre25_sflcomponentlibrary_23e09","appDisplayName":"Tegel Design System","environmentName":"9daff3ab-b206-e728-98a7-ba239241184a","owner":{"id":"198f0012-64a1-4217-86d5-9369c5739cc8","displayName":"Jiménez Sánchez Juan Luis","email":"juan-luis.jimenez.sanchez@scania.com","type":"User","tenantId":"3bc062e4-ac9d-4c17-b4dd-3aad637ff1ac","userPrincipalName":"juan-luis.jimenez.sanchez@scania.com"},"allowCustomization":true,"createdOn":"2024-12-17T11:04:45.499Z","lastModifiedOn":"2025-06-11T09:24:56.623Z","connectionReferences":{"5609bf59-3a64-45ed-924c-601f1f91e009":{"id":"/providers/microsoft.powerapps/apis/shared_office365users","dataSources":["Office365Users"],"dependencies":[],"dependents":[],"parameterHints":{},"parameterHintsV2":{},"isOnPremiseConnection":false,"bypassConsent":false,"dataSets":{}}},"databaseReferences":{}}]</AppComponents>
      <AppComponentDependencies>[]</AppComponentDependencies>
      <CanConsumeAppPass>1</CanConsumeAppPass>
      <CanvasAppType>1</CanvasAppType>
      <BypassConsent>0</BypassConsent>
      <AdminControlBypassConsent>0</AdminControlBypassConsent>
      <EmbeddedApp xsi:nil="true"></EmbeddedApp>
      <IntroducedVersion>1.0</IntroducedVersion>
      <CdsDependencies>{"cdsdependencies":[]}</CdsDependencies>
      <IsCustomizable>1</IsCustomizable>
      <BackgroundImageUri>/CanvasApps/cre25_sflcomponentlibrary_23e09_BackgroundImageUri</BackgroundImageUri>
      <DocumentUri>/CanvasApps/cre25_sflcomponentlibrary_23e09_DocumentUri.msapp</DocumentUri>
      <AdditionalUris>
        <AdditionalUri>/CanvasApps/cre25_sflcomponentlibrary_23e09_AdditionalUris0_identity.json</AdditionalUri>
      </AdditionalUris>
    </CanvasApp>
  </CanvasApps>
  <Languages>
    <Language>1033</Language>
  </Languages>
</ImportExportXml>